lead_id,domain,final_url,http_status,bytes,page_count,fetch_status,error_detail
97,orderatyapp.com,http://orderatyapp.com/,200,615,1,ok,"https: [SSL: CERTIFICATE_VERIFY_FAILED] certificate verify failed: Hostname mismatch, certificate is not valid for 'orderatyapp.com'. (_ssl.c:1016)"
574,sitnpaws.co.uk,https://sitnpaws.co.uk/,403,0,1,blocked,http_403
608,woozod.com,http://woozod.com/,403,787,1,blocked,http_403
664,golusrasoi.com,https://golusrasoi.com/,403,6192,1,blocked,http_403
670,mariosjewellers.co.za,https://mariosjewellers.com/,200,1156304,2,ok,
721,elpandeantes.com,,,0,0,error,http: [SSL: CERTIFICATE_VERIFY_FAILED] certificate verify failed: certificate has expired (_ssl.c:1016)
769,moniorobizuteria.pl,,,0,0,error,http: [SSL: CERTIFICATE_VERIFY_FAILED] certificate verify failed: certificate has expired (_ssl.c:1016)
781,operamykonos.com,,,0,0,error,http: [SSL: CERTIFICATE_VERIFY_FAILED] certificate verify failed: certificate has expired (_ssl.c:1016)
805,circuitrycircus.com,http://circuitrycircus.com/,403,1242,1,blocked,http_403
867,vardayoil.com,,,0,0,error,http: 
872,gamatilbod.com,https://gamatilbod.com/is/,200,226161,2,ok,
884,ngbtelecoms.com,https://ngbtelecoms.com/,200,994762,2,ok,
886,pnrnatural.com,https://pnrnatural.com/,200,148164,1,ok,
888,cosmopackegypt.com,https://cosmopackegypt.com/,200,404189,1,ok,page2_error:
889,videxled.ro,https://videxled.ro/,200,332963,1,ok,
957,ecartglobalstore.com,https://ecartglobalstore.com/,403,787,1,blocked,http_403
965,sortedservice.in,https://sortedservice.in/,200,160184,1,ok,page2_error:
967,danrelax.com,https://danrelax.com/,200,312635,1,ok,
972,idclinic.lt,https://idclinic.lt/,200,611868,1,ok,
973,theinteriorplanet.com,https://theinteriorplanet.com/,200,420860,1,ok,page2_error:
978,snikcart.com,https://snikcart.com/,200,229167,1,ok,page2_error:
1087,paperclipsplus.com,http://paperclipsplus.com/,200,163,1,ok,"https: [SSL: CERTIFICATE_VERIFY_FAILED] certificate verify failed: Hostname mismatch, certificate is not valid for 'paperclipsplus.com'. (_ssl.c:1016)"
1092,soorajachar.com,https://soorajachar.com/,200,117677,1,ok,page2_error:
1099,modernskinderm.com,https://modernskinderm.com/,200,430631,1,ok,page2_error:
1109,backaerttondeuse.com,https://backaerttondeuse.com/,200,705525,1,ok,page2_error:
1111,enbattech.com,http://enbattech.com/,503,121,1,ok,https: 
1113,saludtamarugal.com,https://saludtamarugal.com/,200,233672,1,ok,
1128,gsbleshirondelles.com,https://gsbleshirondelles.com/,200,128236,1,ok,
1133,youwetravel.com,https://youwetravel.com/,200,347769,2,ok,
1139,rice-box.com.tr,,,0,0,dead,dns_resolution_failed
1140,srsl.online,https://srsl.online/,200,339558,2,ok,
1149,trusquwa.com,https://trusquwa.com/,200,488581,2,ok,
1151,mtechcourse.com,https://mtechcourse.com/,200,201025,1,ok,
1156,finalmedic.ca,https://finalmedic.ca/,200,300945,2,ok,
1164,sattvastha.com,http://sattvastha.com/,200,114,1,ok,https: 
1166,safesysinnovations.com,https://safesysinnovations.com/,200,216165,1,ok,
1168,kvrl.in,https://kvrl.in/,200,116773,1,ok,
1169,craftsasia.com,https://craftsasia.com/,200,640336,2,ok,
1172,kingkebabish.com,https://kingkebabish.com/,200,136457,1,ok,
1174,codeupschool.com,https://codeupschool.com/,200,161415,1,ok,
1182,thegoodroom.in,https://thegoodroom.in/,200,588623,2,ok,
1185,excavatorscheaper.com,https://excavatorscheaper.com/,500,3805,1,ok,
1190,cassiopeiasoftware.com,http://cassiopeiasoftware.com/,403,1242,1,blocked,http_403
1199,cirrustea.com,,,0,0,timeout,http: 
1204,zandeproject.com,https://zandeproject.com/,200,289449,2,ok,
1209,north-arib.com,https://north-arib.com/,200,177109,1,ok,
1215,almondgainworld.com,https://almondgainworld.com/,200,443955,2,ok,
1219,bluecompostinvestments.com,https://bluecompostinvestments.com/,200,463204,2,ok,
1223,shriekaa.in,https://shriekaa.in/,200,250038,1,ok,
1227,mrmtimbercrafter.ie,https://mrmtimbercrafter.ie/,200,275731,1,ok,
1228,hikanzu.com,https://hikanzu.com/,200,478820,2,ok,
1231,bioroses.com,https://bioroses.com/,200,1831469,2,ok,
1232,lolitaoman.com,https://lolitaoman.com/,200,468341,2,ok,
1235,boatandtrade.com,https://boatandtrade.com/,200,190643,1,ok,
1240,sasanoilandgas.com,https://sasanoilandgas.com/,200,157298,1,ok,
1241,zrmtech.com,https://zrmtech.com/,403,787,1,blocked,http_403
1243,queensboroughwest.org,https://queensboroughwest.org/,200,589461,2,ok,
1244,adest.co.in,https://adest.co.in/,200,22538,1,ok,
1247,greenbayshopping.com,https://greenbayshopping.com/,200,564384,2,ok,
1251,kayan-medical-supplies.com,https://kayan-medical-supplies.com/,200,390143,2,ok,
1253,www.genlabsanabolics.com,http://www.genlabsanabolics.com/,200,119136,1,ok,https: 
1256,orising.ca,https://orising.ca/,200,411271,2,ok,
1257,gf84.com,,,0,0,blocked,http: peer closed connection without sending complete message body (incomplete chunked read)
1302,rmtclinic.net,https://rmtclinic.net/,200,231139,1,ok,
1342,mottershead.it,https://mottershead.it/,200,174422,2,ok,https: 
1350,publiclandmatters.org,https://publiclandmatters.org/,200,227990,1,ok,
1378,perfectcircle.nz,https://www.perfectcircle.nz/,200,141384,2,ok,
1381,conchwindows.com,https://conchwindows.com/,200,446075,2,ok,
1392,hospitalityplusplus.com,http://hospitalityplusplus.com/,200,114,1,ok,https: 
1395,farmauchytilovi.cz,http://farmauchytilovi.cz/,502,17339,1,ok,https: 
1428,reimailpros.com,https://reimailpros.com/,200,309430,1,ok,
1463,kahvemalzemeleri.com,https://kahvemalzemeleri.com/,200,436020,2,ok,
1468,daneshandishan.com,http://daneshandishan.com/,503,114,1,ok,https: 
1499,fazcity.com,http://fazcity.com/,503,114,1,ok,https: 
1541,geol.by,http://geol.by/,200,328278,2,ok,https: 
1556,spw-c.com,https://spw-c.com/,200,496942,2,ok,
1562,liquorbarn901.com,,,0,0,timeout,http: 
1566,vyoguatemala.com,https://vyoguatemala.com/,200,406015,2,ok,
1567,acord-line.ro,http://acord-line.ro/,200,119971,1,ok,https: 
1612,arshadtech.com,http://arshadtech.com/,503,114,1,ok,https: 
1621,sallyteam.com,https://sallyteam.com/,200,291693,2,ok,
1625,twelvestoneshse.org,http://twelvestoneshse.org/,200,114,1,ok,https: 
1627,digigalaxyco.com,http://digigalaxyco.com/,503,118,1,ok,https: 
1633,safarinortherntour.com,https://www.safarinortherntour.com/,200,189767,1,ok,
1651,olonola.com,https://olonola.com/,200,149060,2,ok,
1652,pharmagratis.com,https://pharmagratis.com/,200,246535,2,ok,
707,ultradach.pl,https://ultradach.pl/,200,199181,1,ok,
709,23fab.com,https://www.23fab.com/,200,324194,2,ok,
711,skinfactorycr.com,https://skinfactorycr.com/,200,491442,2,ok,
714,themerchstudio.cl,https://themerchstudio.cl/,200,179009,2,ok,
722,trappenmaat.be,https://www.trappenmaat.be/,200,148719,1,ok,
724,westernauctions.ca,https://westernauctions.ca/,200,262978,2,ok,
728,beymaral-honey.com,https://beymaral-honey.com/,200,447425,2,ok,
731,sakeking.hk,https://sakeking.hk/,200,150439,1,ok,
733,vestelpakistan.com,https://vestelpakistan.com/,200,649139,2,ok,
734,ariadneparis.com,https://ariadneparis.com/,200,1308723,2,ok,
738,divafur.com,https://divafur.com/,200,218850,1,ok,
739,hyrla.pl,https://hyrla.pl/,200,433457,2,ok,
752,truckamuck.com,https://truckamuck.com/,200,1847660,2,ok,
754,valordoor.com,http://valordoor.com/,202,169,1,ok,https: 
759,simiobasan.ca,https://simiobasan.ca/,200,30000,1,ok,
761,christianroyalty.co.za,https://christianroyalty.co.za/,200,824323,2,ok,
763,drivematecarrentals.com,http://drivematecarrentals.com/,202,168,1,ok,https: 
765,peptideminds.com,https://peptideminds.com/,200,818266,2,ok,
770,houseofbeans.co,https://houseofbeans.co/,200,188749,2,ok,
774,hemp-angels.hu,http://hemp-angels.hu/,202,169,1,ok,https: 
777,butforthem.com,https://butforthem.com/,200,214642,1,ok,
782,www.4uviplogo.com,https://www.4uviplogo.com/,200,529383,1,ok,
788,aubouquets.ca,https://aubouquets.ca/,200,345578,2,ok,
789,leafandiron.com,https://leafandiron.com/,200,663272,2,ok,
791,tintdizajn.hr,https://tintdizajn.hr/,200,1129041,1,ok,
792,serwissejfow.pl,https://serwissejfow.pl/,200,277753,1,ok,
794,ayoshin.com,http://ayoshin.com/,503,114,1,ok,https: 
795,mobilityonthemove.co.uk,https://mobilityonthemove.co.uk/,202,169,1,ok,
798,himkan.com,http://www.himkan.com/,200,382431,2,ok,https: 
800,booksplaces.com,https://booksplaces.com/,200,436281,2,ok,
804,hollycreeksoap.com,https://hollycreeksoap.com/,200,1246367,2,ok,
806,tellusfilters.com,http://tellusfilters.com/,403,103,1,blocked,http_403
810,enzosbp.com,https://enzosbp.com/,200,167469,1,ok,
811,bricobro.com,https://bricobro.com/,200,490051,1,ok,
815,piecenapelletitalia.pl,http://piecenapelletitalia.pl/,202,169,1,ok,https: 
822,tupperstars.sk,http://tupperstars.sk/,200,256742,1,ok,https: 
823,motoposlovalnica.si,https://www.motoposlovalnica.si/,200,172244,1,ok,
826,mandycamerondesigns.com,http://mandycamerondesigns.com/,202,168,1,ok,https: 
827,propolymersource.com,https://propolymersource.com/,200,382785,1,ok,
829,mvmavia.ru,https://mvmavia.ru/,200,449100,2,ok,
830,2agna.com,https://2agna.com/,403,5719,1,blocked,http_403
832,service-balauseri.ro,https://service-balauseri.ro/,200,783599,1,ok,
833,fanshopgloriabistrita.ro,https://fanshopgloriabistrita.ro/,200,6326,1,ok,
834,hallokraamcadeau.nl,https://hallokraamcadeau.nl/,200,228773,2,ok,
836,tigrbusiness.ru,https://tigrbusiness.ru/,200,934035,2,ok,
839,dcni.co.uk,https://dcni.co.uk/,200,697902,2,ok,
840,sunandfinecrop.com,http://sunandfinecrop.com/,200,32012,1,ok,https: 
842,imbertmnif.com,https://imbertmnif.com/,200,254514,1,ok,
843,luminariasled5v.com,https://luminariasled5v.com/,200,349665,1,ok,
844,evidencesystem.ca,https://evidencesystem.ca/,200,402879,2,ok,
845,maskirajse.rs,https://maskirajse.rs/,200,1076701,2,ok,
847,ansen.ro,https://ansen.ro/,200,143009,1,ok,
850,croccacoccole.com,https://croccacoccole.com/,200,285414,1,ok,
852,goafricaexpeditions.com,https://goafricaexpeditions.com/,200,190479,1,ok,
858,www.n5.com.ua,https://www.n5.com.ua/,200,491172,1,ok,
859,zayleather.com,https://zayleather.com/,200,939830,2,ok,
861,rccgfaitharena.com,https://rccgfaitharena.com/,200,161495,1,ok,
865,onagitv.com,https://onagitv.com/,200,228420,2,ok,
869,supermarketgio.ro,https://supermarketgio.ro/,200,119378,1,ok,
870,www.unbrokn.fr,https://www.unbrokn.fr/,200,201146,1,ok,
873,www.rosita-chocolat.fr,https://www.rosita-chocolat.fr/,200,346156,1,ok,
875,www.zetaeffeshop.it,http://www.zetaeffeshop.it/,200,58463,1,ok,https: 
879,stomec.com,https://stomec.com/,200,242494,1,ok,page2_error:
880,wetapcards.com,https://wetapcards.com/,200,669528,2,ok,
887,nudetoneboutique.com,https://nudetoneboutique.com/,200,938140,2,ok,
890,boxking.co.za,https://boxking.co.za/,200,1294813,2,ok,
891,goatmarine.co.uk,http://goatmarine.co.uk/cgi-sys/suspendedpage.cgi,200,7626,1,ok,https: 
892,www.mystiqueerotica.com,https://www.mystiqueerotica.com/,200,490074,2,ok,
894,www.bellematizz.com,http://www.bellematizz.com/,200,193076,1,ok,https: ; page2_error:
895,www.cobaltoamalfi.it,https://www.cobaltoamalfi.it/,200,672260,2,ok,
898,agencyworldinternet.com,http://agencyworldinternet.com/,404,1251,1,ok,https: 
899,globalfinelistings.com,https://globalfinelistings.com/,200,342375,1,ok,
901,spiceofeastafrica.com,http://spiceofeastafrica.com/,202,168,1,ok,https: 
903,keytostay.com,https://keytostay.com/,200,92506,1,ok,
904,theimecompany.com,https://theimecompany.com/,200,118742,1,ok,
905,thelifecareexperts.com,https://thelifecareexperts.com/,200,1634880,2,ok,
906,fantomtakelag.tech,https://fantomtakelag.tech/,200,51069,1,ok,
908,betterbuysintl.com,https://betterbuysintl.com/,200,132237,1,ok,
910,mondaystuff.com,https://mondaystuff.com/,200,305805,2,ok,
911,decopierrenature.com,https://decopierrenature.com/,200,832802,2,ok,
912,petiteminiaturepaws.com,http://petiteminiaturepaws.com/,200,163,1,ok,https: 
914,osskaters.com,https://osskaters.com/,200,522082,2,ok,
915,carrepertoire.com,https://carrepertoire.com/,200,138473,1,ok,
916,timstoursnyc.com,https://timstoursnyc.com/,200,1181091,2,ok,
917,am-devices.com,https://am-devices.com/,200,224275,1,ok,
918,fineartsinvestments.com,http://fineartsinvestments.com/,403,5717,1,blocked,http_403
919,sandyrosesportcollections.com,http://sandyrosesportcollections.com/,202,169,1,ok,https: 
920,aacharyskitchen.com,https://aacharyskitchen.com/,200,152804,1,ok,
922,alassalicare.com,https://alassalicare.com/,200,4117,1,ok,
923,altheaagewell.com,http://altheaagewell.com/,202,168,1,ok,https: 
926,northernproxy.com,https://northernproxy.com/,200,1969,1,ok,https: 
932,rb-community.com,https://rb-community.com/,200,67599,1,ok,
934,egmdistro.com,http://egmdistro.com/,202,168,1,ok,https: 
939,luxvitta.com,https://luxvitta.com/,200,74009,1,ok,
940,marasparlatemizlik.com,https://marasparlatemizlik.com/,200,247743,1,ok,
941,sitcomsa.com,http://sitcomsa.com/,200,236127,1,ok,https: 
944,blueridgemeds.com,https://blueridgemeds.com/,200,8427,1,ok,
946,venueshine.com,,,0,0,error,http: [SSL: CERTIFICATE_VERIFY_FAILED] certificate verify failed: certificate has expired (_ssl.c:1016)
947,aacprofessionals.com,https://aacprofessionals.com/,200,96757,1,ok,
951,madebylalawatts.com,https://madebylalawatts.com/,200,1360555,2,ok,
952,www.good4ulabs.com,https://www.good4ulabs.com/,200,178477,1,ok,
954,wahltonsaus.com,https://wahltonsaus.com/,200,437669,2,ok,
956,wildernesssmokehaus.com,https://wildernesssmokehaus.com/,200,666879,2,ok,
958,jobsiteshield.com,https://jobsiteshield.com/,200,273664,2,ok,
960,newageceiling.in,http://newageceiling.in/,200,164360,2,ok,https: 
961,kalyan-spirit.ru,https://kalyan-spirit.ru/,200,495663,2,ok,
962,verduijnbros.com,http://verduijnbros.com/,403,21,1,blocked,http_403
964,vitagenx.ro,https://vitagenx.ro/,200,222961,1,ok,
966,www.vivaanlifestyle.com,https://www.vivaanlifestyle.com/,200,966972,2,ok,
968,ratita-presumida.com,https://ratita-presumida.com/,200,115643,1,ok,
969,duratagroup.com,https://duratagroup.com/,200,571757,2,ok,
970,www.silentmillbrew.co,https://www.silentmillbrew.co/,200,82854,1,ok,
971,varese-corsi.it,https://varese-corsi.it/,200,296009,1,ok,
974,theintersectclub.com,https://theintersectclub.com/,200,316995,2,ok,
977,macmediapublishing.com,http://macmediapublishing.com/,202,168,1,ok,https: 
979,akademiabehawioryzmu.pl,https://akademiabehawioryzmu.pl/,200,536078,1,ok,
980,hranacurata.ro,https://hranacurata.ro/,200,912957,2,ok,
985,www.nevby.hu,https://www.nevby.hu/,200,325764,1,ok,
986,jamaicandiamond.com,https://jamaicandiamond.com/,200,1491828,2,ok,
989,bottarishop.ro,https://bottarishop.ro/,200,1065649,2,ok,
990,www.amerinet-gpo.com,https://www.amerinet-gpo.com/,200,280757,2,ok,
991,web.likeshop.mx,http://web.likeshop.mx/,401,5434,1,ok,https: 
993,abeehawardrobe.com,https://abeehawardrobe.com/,200,267714,2,ok,
996,audiolivecenter.com,http://audiolivecenter.com/,200,536454,2,ok,https: 
998,dalumvin.dk,https://dalumvin.dk/,200,80406,1,ok,
999,raliw-wheels.com,,,0,0,error,http: [SSL: CERTIFICATE_VERIFY_FAILED] certificate verify failed: certificate has expired (_ssl.c:1016)
1003,qualitycareconsultancy.co.uk,https://qualitycareconsultancy.co.uk/,200,298238,2,ok,
1004,flient.net,http://flient.net/,202,169,1,ok,https: 
1005,tsuki.hu,https://tsuki.hu/,200,224560,1,ok,
1009,biosmx.com,https://biosmx.com/,200,88818,1,ok,page2_error:
1011,sanagreens.ro,https://sanagreens.ro/,200,144673,1,ok,
1014,lusconi.com,https://lusconi.com/,200,317682,2,ok,
1017,www.la-maison-du-jardinier.com,https://www.la-maison-du-jardinier.com/,200,519171,1,ok,
1018,merantis.in,https://merantis.in/,200,401156,2,ok,
1019,projectstwentytwo.co.uk,http://projectstwentytwo.co.uk/,202,169,1,ok,https: 
1020,sun2solar.in,http://sun2solar.in/,200,1686,1,ok,https: 
1021,memingo.nl,https://memingo.nl/,200,322416,1,ok,
1022,fusionservicebots.com,https://fusionservicebots.com/,200,401335,1,ok,
1023,www.dayaglow.com,http://www.dayaglow.com/,200,260933,1,ok,https: 
1027,a2zhomedesignsolutions.com,https://a2zhomedesignsolutions.com/,200,495718,2,ok,
1028,verdeoptimo.com,https://verdeoptimo.com/,200,205613,1,ok,
1031,purexdrop.com,https://purexdrop.com/,200,399946,2,ok,
1032,angushalalmeat.co.uk,http://angushalalmeat.co.uk/,202,169,1,ok,https: 
1034,verheulopleidingen.nl,https://verheulopleidingen.nl/,200,128234,1,ok,
1035,filtrwody.com,http://filtrwody.com/,503,48,1,ok,https: 
1036,hytte-land.no,https://www.hytte-land.no/,200,271595,2,ok,
1037,verdora.com.my,https://verdora.com.my/,200,329178,2,ok,
1038,premiumcustomboxes.ca,https://premiumcustomboxes.ca/,200,603824,2,ok,
1040,outillageaouami.com,http://outillageaouami.com/,200,469178,2,ok,https: 
1041,mgamotors.ge,http://mgamotors.ge/,500,0,1,ok,https: 
1044,jjtrucktrailerparts.com,http://jjtrucktrailerparts.com/,200,0,1,ok,https: 
1045,cafemontetoro.com,https://cafemontetoro.com/,200,212409,1,ok,
1046,zmetic.com,https://zmetic.com/,200,496590,2,ok,
1055,nguyetsport.com,https://nguyetsport.com/,200,347740,2,ok,
1056,smarthometoledo.com,https://smarthometoledo.com/,503,998,1,ok,
1057,bubble-cards.com,https://bubble-concept.com/,200,477028,1,ok,
1058,rcp-tools.ro,http://rcp-tools.ro/,200,11919,1,ok,https: 
1059,garnyze.cz,https://garnyze.cz/,200,97934,1,ok,
1060,terepkiraly.hu,https://www.terepkiraly.hu/,200,222635,1,ok,
1062,parcel2u.co.uk,https://parcel2u.co.uk/,200,229232,2,ok,
1063,heatsense.dk,https://heatsense.dk/,200,63605,1,ok,
1065,stitchcraftec.co.za,https://stitchcraftec.co.za/,200,586801,2,ok,
1067,myhomecourt.ca,https://myhomecourt.ca/,200,114983,1,ok,
1068,sensorynow.com,https://sensorynow.com/,200,664030,2,ok,
1076,almelaw.com,http://almelaw.com/,200,243273,1,ok,https: 
1077,gradezilla.org,https://gradezilla.org/,200,220708,1,ok,
1079,maisonsiesie.be,https://www.maisonsiesie.be/,200,75701,1,ok,
1080,acheter-ici.net,https://acheter-ici.net/,200,715351,2,ok,
1082,njwholesaleprovision.com,https://njwholesaleprovision.com/,200,369089,2,ok,
1089,chikitsaratna.in,https://chikitsaratna.com/,200,1358,1,ok,
1093,synaworlds.com,https://synaworlds.com/,202,528,1,ok,
1095,humamedikal.com,https://humamedikal.com/,200,160197,1,ok,
1096,jbfloors-styling.nl,https://jbfloors-styling.nl/,200,207771,1,ok,
1097,sunmoon-kw.com,https://sunmoon-kw.com/,200,430409,2,ok,
1143,www.likeshop.mx,http://www.likeshop.mx/,401,5434,1,ok,https: 
1144,monkeyfacecombat.co.uk,https://monkeyfacecombat.co.uk/,403,0,1,blocked,http_403
1145,castanedalabmedic.com,https://castanedalabmedic.com/,200,498470,1,ok,
1146,ionianserenity.com,https://ionianserenity.com/,200,178081,1,ok,
1147,techaudits.co,https://techaudits.co/,200,204870,1,ok,
1148,mbmgroup.in,https://mbmgroup.in/,200,458124,1,ok,
1150,oncosuretesting.com,https://oncosuretesting.com/,200,255536,1,ok,
1153,premiumgyerekruha.hu,https://premiumgyerekruha.hu/,200,1117474,2,ok,
1154,arenasports.co.za,https://www.arenasports.co.za/,200,216204,2,ok,
1155,ravimx.com,https://ravimx.com/,200,219732,1,ok,
1157,maxkoya.com,https://maxkoya.com/,200,246496,2,ok,
1161,silceramica.ro,https://silceramica.ro/,200,167615,1,ok,
1162,tasteindia.pl,https://tasteindia.pl/,200,127769,1,ok,
1163,katyacervio.it,https://katyacervio.it/,200,324301,1,ok,
1165,fitzfood.com,https://fitzfood.com/,200,267374,1,ok,
1167,learnglobalmarkets.com,https://learnglobalmarkets.com/,403,561,1,blocked,http_403
1173,glitzhair-germany.com,http://glitzhair-germany.com/,200,211794,1,ok,https: ; page2_error:
1176,holsurub.ro,http://holsurub.ro/,200,324448,1,ok,https: 
1177,localtoursalicante.com,https://localtoursalicante.com/,200,178044,1,ok,
1180,zostangroomerem.pl,https://zostangroomerem.pl/,200,205145,1,ok,
1181,www.tiendaonlinerives.com,https://www.tiendaonlinerives.com/,200,564506,2,ok,
1183,vibezcoffees.com,https://vibezcoffees.com/,200,299345,2,ok,
1184,s3woodworks.com,http://s3woodworks.com/,200,11948,1,ok,https: 
1191,iiptexas.com,https://iiptexas.com/,200,1037388,2,ok,
1192,exoticalgoldnuggets.com,https://exoticalgoldnuggets.com/,403,5755,1,blocked,http_403
1193,dimensionalacademy.in,https://dimensionalacademy.in/,200,328365,1,ok,
1194,pescayalgomas.com,https://pescayalgomas.com/,200,98748,1,ok,
1195,amazontambopatatours.com,https://amazontambopatatours.com/,200,157550,1,ok,
1196,minipipolis.com,https://minipipolis.com/,202,528,1,ok,
1200,tyre.com.sg,http://tyre.com.sg/,202,168,1,ok,https: 
1201,speedysealnotary.com,http://speedysealnotary.com/,200,110390,1,ok,https: ; page2_error:
1203,mkombelogistics.com,http://mkombelogistics.com/,202,168,1,ok,https: 
1205,szolbob.hu,https://szolbob.hu/,200,233655,1,ok,
1207,www.zenvital.si,https://www.zenvital.si/,200,338671,1,ok,
1216,loopshop.se,http://loopshop.se/,503,114,1,ok,https: 
1217,giter.ie,https://giter.ie/,200,341561,2,ok,
1218,bibiotic.ro,https://bibiotic.ro/,200,777258,2,ok,
1224,neutemu.com,https://www.neutemu.com/,200,859879,2,ok,
1226,concretekothon.com,https://concretekothon.com/,200,329719,2,ok,
1230,spittiasolutions.com,http://spittiasolutions.com/,202,168,1,ok,https: 
1236,z4cad.nl,https://z4cad.nl/,200,525590,1,ok,
1246,precisiontelemed.com,https://precisiontelemed.com/,200,388710,1,ok,
1248,shoppingbasket.in,https://shoppingbasket.in/,403,0,1,blocked,http_403
1250,www.alien-oxygen.com,http://www.alien-oxygen.com/,200,0,1,ok,https: 
1252,yuliaschonfeldt.com,http://yuliaschonfeldt.com/,200,432,1,ok,https: 
1254,casept.pl,https://casept.pl/,200,310558,2,ok,
1258,mitapatia.com,http://mitapatia.com/,202,168,1,ok,https: 
1259,comarestours.com,https://comarestours.com/,200,258871,2,ok,
1260,sadiqit.com,https://sadiqit.com/,200,437964,1,ok,
1261,floridamoldtesters.com,https://floridamoldtesters.com/,200,761214,1,ok,
1262,tcmcindia.com,https://tcmcindia.com/,200,200657,1,ok,
1263,masterfulsips.co.uk,https://masterfulsips.co.uk/,200,504828,2,ok,
1268,tourinrabat.com,https://tourinrabat.com/,200,169983,1,ok,
1269,tesimpots.com,https://tesimpots.com/,200,423812,1,ok,
1270,lettucesell.com,https://lettucesell.com/,200,679269,2,ok,
1273,pmrepairs.co.uk,https://pmrepairs.co.uk/,200,164817,1,ok,
1274,puddlemagazine.co.uk,https://littleandlocal.co.uk/,200,177653,1,ok,
1275,rollinghillspse.com,https://rollinghillspse.com/,200,401169,2,ok,
1276,ventasequipment.com,,,0,0,error,http: [SSL: CERTIFICATE_VERIFY_FAILED] certificate verify failed: certificate has expired (_ssl.c:1016)
1277,gongbad.dk,https://gongbad.dk/,200,255285,1,ok,
1278,www.carclassrent.com,https://www.carclassrent.com/,200,219828,1,ok,
1279,allfooted.com,,,0,0,error,http: [SSL: CERTIFICATE_VERIFY_FAILED] certificate verify failed: certificate has expired (_ssl.c:1016)
1280,cheresteabuftea.ro,https://cheresteabuftea.ro/,200,162205,1,ok,
1283,laserworkz.net,,,0,0,timeout,http: 
1284,4fvictory.com,,,0,0,timeout,http: 
1285,watchingwhales.co.za,,,0,0,timeout,http: 
1286,inoverz.com,,,0,0,timeout,http: 
1288,dermaprivee.com,http://dermaprivee.com/,200,197990,1,ok,https: 
1289,graciousevents.co.nz,https://www.graciousevents.co.nz/,200,278749,2,ok,
1290,ncmsllabs.com,https://ncmsllabs.com/,200,162330,1,ok,
1291,partygopacks.ca,https://partygopacks.ca/,200,171818,1,ok,
1293,ringobeauty.co.jp,https://www.ringobeauty.co.jp/,200,144900,1,ok,
1294,bonfieldeventpark.ca,https://bonfieldeventpark.ca/,200,282689,2,ok,
1295,makadija.com,https://makadija.com/,200,96050,1,ok,
1296,laneveritallena.com,https://laneveritallena.com/en/,200,233950,1,ok,
1297,wodomat.pl,https://wodomat.pl/,200,132329,1,ok,
1299,starlightcustoms.co.uk,https://starlightcustoms.co.uk/,200,257908,1,ok,
1300,peters-ict.com,https://peters-ict.com/,200,379916,2,ok,
1304,a25.fr,https://a25.fr/,200,218942,1,ok,
1305,udcfa.org,https://udcfa.org/,200,208284,1,ok,
1307,loudncleardigital.com,http://loudncleardigital.com/,202,168,1,ok,https: 
1308,almohma.com,https://almohma.com/,200,527154,1,ok,https: 
1309,ysto.pl,https://ysto.pl/,200,256721,1,ok,
1314,academiedudigital.com,https://academiedudigital.com/,200,40022,1,ok,
1315,concordmicro.co.mz,https://concordmicro.co.mz/,200,182759,1,ok,
1317,supernova-iris.ro,https://supernova-iris.ro/,200,393593,2,ok,
1318,spiritnova.it,https://www.spiritnova.it/,200,280719,1,ok,
1319,hvp.com.pl,https://www.hvp.com.pl,200,247325,1,ok,
1324,etabulky.cz,https://etabulky.cz/,200,222452,1,ok,
1326,renaceseguro.com,https://renaceseguro.com/,200,107643,1,ok,
1327,golfcartwld.net,https://golfcartwld.net/,200,94218,1,ok,
1328,tequitamostudeuda.com,https://tequitamostudeuda.com/,200,182004,1,ok,
1330,maraciju.ro,https://maraciju.ro/,200,177555,1,ok,
1331,longislandcoffee.co.uk,https://longislandcoffee.co.uk/,200,160536,2,ok,
1333,eduschaler.com,https://eduschaler.com/,200,155226,1,ok,
1335,digisankalp.com,https://digisankalp.com/,200,172100,1,ok,
1336,rishikaconsulting.com,https://rishikaconsulting.com/,200,106975,1,ok,
1337,egoshoes.pl,https://egoshoes.pl/,200,302928,2,ok,
1338,fleursdephenix.com,https://fleursdephenix.com/,200,236077,1,ok,
1339,boulou-locations.com,https://boulou-locations.com/,200,254104,1,ok,
1343,truelogcabin.com,https://truelogcabin.com/,200,295717,2,ok,
1344,bitsyncdigital.co,https://bitsyncdigital.co/,200,1166660,2,ok,
1346,quantummuhendislik.com,http://www.quantummuhendislik.com/,200,258798,1,ok,https: 
1347,kepykla24.lt,https://www.kepykla24.lt/,200,110981,1,ok,
1351,fizjodzieciecy.pl,https://fizjodzieciecy.pl/,200,237321,1,ok,
1352,nikkenmoller.com,https://nikkenmoller.com/,200,231685,1,ok,
1353,kahunachairny.com,https://kahunachairny.com/,200,371476,2,ok,
1354,telefonsounds.ai,https://telefonsounds.ai/,200,134572,1,ok,
1355,ummaexperiencia.com,https://ummaexperiencia.com/,200,368357,2,ok,
1356,monnidamour.fr,https://monnidamour.fr/,200,138879,1,ok,
1358,leleklink.hu,http://leleklink.hu/,200,11941,1,ok,https: 
1359,cambridgexamschool.com,https://cambridgexamschool.com/,200,45465,1,ok,
1360,pjamlaw.co.uk,https://pjamlaw.co.uk/,200,243007,1,ok,
1362,tmssmedicalcenter.com,http://tmssmedicalcenter.com/,200,11939,1,ok,https: 
1363,rushbd.com,https://rushbd.com/,200,442277,1,ok,page2_error:
1364,giftstudio.ro,http://giftstudio.ro/,200,11857,1,ok,https: 
1365,luxuryvacationrent.com,https://luxuryvacationrent.com/,200,1299265,2,ok,
1366,kbslrecords.com,http://kbslrecords.com/,202,167,1,ok,https: 
1367,ilysh.com,http://ilysh.com/,503,114,1,ok,https: 
1369,motosikletkiralama.com,http://motosikletkiralama.com/,200,11993,1,ok,https: 
1371,ledini.com.pl,https://ledini.com.pl/,200,293438,2,ok,
1372,updaty.be,https://www.updaty.be/,200,118099,1,ok,
1373,carewithusagency.com,http://carewithusagency.com/,200,7687,1,ok,https: 
1374,jbarrowfirewood.co.uk,https://www.jbarrowfirewood.co.uk/,200,193613,2,ok,
1375,woww.ee,https://woww.ee/,200,82682,1,ok,
1376,legendsdata.com,http://legendsdata.com/,202,167,1,ok,https: 
1377,bmw-elitemotors.rs,https://bmw-elitemotors.rs/,200,86134,1,ok,
1379,dlpconnex.co.uk,https://www.dlpconnex.co.uk/,200,88413,1,ok,
1380,languagelearning.online,http://languagelearning.online/,403,4788,1,blocked,http_403
1382,miereamilena.ro,https://miereamilena.ro/,200,305052,2,ok,
1383,estelaalba.com,https://estelaalba.com/,200,140622,1,ok,
1385,forbelle.com.mx,http://forbelle.com.mx/,200,11874,1,ok,https: 
1386,datameesterschap.nl,https://datameesterschap.nl/,200,139015,1,ok,
1387,byminmobiliaria.mx,https://byminmobiliaria.mx/,200,205385,1,ok,
1388,eclatservice.com,https://eclatservice.com/,200,157761,1,ok,
1390,padelpass.co.uk,http://padelpass.co.uk/,202,167,1,ok,https: 
1396,truedamagecare.com,https://www.truedamagecare.com/,200,107573,1,ok,
1397,smartscoop.hu,https://smartscoop.hu/,200,528255,1,ok,
1399,bumbum.mn,http://bumbum.mn/,200,209043,1,ok,https: ; page2_error:
1400,hydrogel.rs,https://hydrogel.rs/,200,98323,1,ok,
1402,academylinknetwork.com,https://academylinknetwork.com/,200,286329,2,ok,
1403,uniksolutions.in,http://uniksolutions.in/,200,103992,1,ok,https: 
1404,leader-plaque.fr,https://leader-plaque.fr/,200,411670,1,ok,
1405,bloomandsavour.com,http://bloomandsavour.com/,202,168,1,ok,https: 
1406,enshaa.me,https://enshaa.me/,200,718617,1,ok,
1407,alfaaprime.com,https://alfaaprime.com/,200,182397,1,ok,
1408,sundeus.ai,https://sundeus.ai/,200,230597,1,ok,
1410,tech-minerals.com,https://tech-minerals.com/,403,0,1,blocked,http_403
1414,arkedia.co.uk,https://arkedia.co.uk/,200,15217,1,ok,
1415,nasp.cl,https://nasp.cl/,200,13563,1,ok,
1416,taitaiva.com,https://taitaiva.com/,200,203285,1,ok,
1417,ueluc.com,http://ueluc.com/,200,12057,1,ok,https: 
1419,albertacustom.ca,https://albertacustom.ca/,200,124758,1,ok,
1420,beardedceejaay.com,https://beardedceejaay.com/,200,149713,1,ok,
1421,vantveld.be,https://vantveld.be/,200,159487,1,ok,
1422,colwellbrothers.ie,http://colwellbrothers.ie/,202,168,1,ok,https: 
1423,tutifruticl.cl,https://tutifruti.cl/,200,114087,1,ok,
1424,socialflute.com,https://socialflute.com/,200,151111,1,ok,
1426,kefidata.com,http://kefidata.com/,202,168,1,ok,https: 
1427,essor.co.ke,https://essor.co.ke/,200,434664,2,ok,
1430,ntmtrading.co.za,http://ntmtrading.co.za/,403,367,1,blocked,http_403
1432,huesocabra.com,https://huesocabra.com/,200,145679,1,ok,
1433,sgigroup.co.in,https://sgigroup.co.in/,200,203441,1,ok,
1435,ssureinsurance.com,https://ssureinsurance.com/,200,263934,2,ok,
1436,focusedleaders.co.uk,https://focusedleaders.co.uk/,200,62143,1,ok,
1437,nnekamarwellness.com,https://nnekamarwellness.com/,200,291392,2,ok,
1438,sparderm.com,https://sparderm.com/,200,515247,2,ok,
1439,coolerbox.hu,https://www.coolerbox.hu/,200,278161,2,ok,
1440,simulspheretz.com,https://simulspheretz.com/cgi-sys/suspendedpage.cgi,200,4460,1,ok,
1441,sportvilkius.lt,https://sportvilkius.lt/,200,303480,1,ok,
1442,sheikhoil.com,https://www.sheikhoil.com/,200,303653,2,ok,
1443,ghncom.com,https://ghncom.com/,200,949151,2,ok,
1444,helenaessentials.com,https://helenaessentials.com/,200,348032,2,ok,
1445,alliancemscinc.com,http://alliancemscinc.com/,202,167,1,ok,https: 
1446,cadrehospice.com,https://cadrehospice.com/,200,233179,1,ok,
1448,dtfensevilla.com,http://dtfensevilla.com/,200,11909,1,ok,https: 
1450,slimit.ro,https://slimit.ro/,200,3338,1,ok,
1452,strefagrilla.pl,https://strefagrilla.pl/,200,603344,1,ok,
1453,imtraining.pl,https://imtraining.pl/,200,200429,1,ok,
1455,mustxsurgical.com,https://mustxsurgical.com/,200,242750,1,ok,
1456,www.macsaerial.com,https://www.macsaerial.com/,403,5750,1,blocked,http_403
1457,longtomstudios.co.uk,http://longtomstudios.co.uk/,202,168,1,ok,https: 
1460,www.pergolashop.co.uk,https://www.pergolashop.co.uk/,200,218853,2,ok,
1465,waiypar.co.za,https://waiypar.co.za/,200,379948,2,ok,
1469,parsafood.com,https://parsafood.com/,200,632052,2,ok,
1470,junsamtubes.com,https://junsamtubes.com/,200,517765,1,ok,
1471,kumarboxmaker.com,http://kumarboxmaker.com/,403,5689,1,blocked,http_403
1473,fopacking.com,http://fopacking.com/,202,168,1,ok,https: 
1475,schon-company.com,https://schon-company.com/,200,280748,2,ok,
1476,protoncables.net,https://www.protoncables.net/,200,6437,1,ok,
1477,wallbedsbellingham.com,http://wallbedsbellingham.com/,202,168,1,ok,https: 
1479,xpmakina.com,https://xpmakina.com/,503,5975,1,ok,
1480,bregtobjects.nl,https://www.bregtobjects.nl/,200,310570,1,ok,
1481,stepharmaceuticals.com,https://www.stepharmaceuticals.com/,200,388546,1,ok,
1482,latesa.nl,https://latesa.nl/,500,2691,1,ok,
1487,engemaky.com.br,https://engemaky.com.br/,200,333505,2,ok,
1488,whatmachines.com,https://whatmachines.com/,200,163915,1,ok,
1490,gujcomart.in,https://gujcomart.in/,200,417365,2,ok,
1491,chinathermistor.com,https://chinathermistor.com/,200,129837,1,ok,
1492,solidtec.no,https://solidtec.no/,200,214450,1,ok,
1495,stil-casa.ro,https://www.stil-casa.ro/,200,477070,2,ok,
1496,fet-enchere.fr,https://www.fet-enchere.fr/,200,349222,1,ok,
1497,artbygurbani.com,https://artbygurbani.com/,200,169272,1,ok,
1498,www.sharpengineersna.com,https://www.sharpengineersna.com/,200,96778,1,ok,
1500,nepaljuttafactory.com,https://nepaljuttafactory.com/,200,201375,2,ok,
1501,lostejidos.com,http://lostejidos.com/,202,167,1,ok,https: 
1502,ishakoglupack.com,https://ishakoglupack.com/,200,173358,1,ok,
1504,funoonwear.com,https://funoonwear.com/,200,212534,2,ok,
1505,instantlights.co.uk,https://instantlights.co.uk/,200,2185830,2,ok,
1506,dunesexpress.com,https://dunesexpress.com/,200,240738,2,ok,
1507,vulcansportwear.com,https://vulcansportwear.com/,200,408913,1,ok,
1508,samaamn.com,http://samaamn.com/,503,114,1,ok,https: 
1510,atlashomedesign.co,https://atlashomedesign.co/,200,490537,2,ok,
1511,medtest-ghana.com,https://medtest-ghana.com/,200,282164,1,ok,
1512,excelleratool.com,,,0,0,error,http: [SSL: CERTIFICATE_VERIFY_FAILED] certificate verify failed: certificate has expired (_ssl.c:1016)
1513,voltsine.in,https://voltsine.in/,200,173791,1,ok,
1514,www.thetrailerteam.com,http://www.thetrailerteam.com/,200,11804,1,ok,https: 
1515,bulkandorganics.com,http://bulkandorganics.com/,409,6466,1,ok,https: 
1517,www.cantinealdegheri.com,http://www.cantinealdegheri.com/,202,167,1,ok,https: 
1518,shreeimpex.co,https://shreeimpex.co/,200,174889,1,ok,
1519,silkroad-es.com,https://silkroad-es.com/,200,320129,1,ok,
1520,aieskyline.co.uk,https://aieskyline.co.uk/,200,181897,1,ok,
1521,www.nesasolusi.com,https://www.nesasolusi.com/,200,136873,1,ok,
1523,qortexdistributions.com,https://qortexdistributions.com/,200,528150,2,ok,
1524,ronch.us,http://ronch.us/,202,168,1,ok,https: 
1525,khammash-otr.com,https://khammash-otr.com/,200,207284,1,ok,
1526,imenshim.com,https://imenshim.com/,200,209515,1,ok,
1527,www.slszonwering.nl,https://www.slszonwering.nl/,200,162702,1,ok,
1529,chamundafabchem.com,https://chamundafabchem.com/,200,40977,1,ok,
1530,haingkw.com,https://haingkw.com/,200,485349,2,ok,
1531,jlcuisine.com,https://jlcuisine.com/,200,149367,1,ok,
1533,renhealthqare.com,https://renhealthqare.com/,200,506249,2,ok,
1534,www.pgipro.com,https://www.pgipro.com/,200,430933,2,ok,
1535,portalprint.co.uk,http://portalprint.co.uk/,200,222366,1,ok,https: ; page2_error:
1536,bookyacht.in,https://bookyacht.in/,200,190400,1,ok,
1537,namooverseas.in,http://namooverseas.in/,200,221094,1,ok,https: 
1538,www.machiaccesorioshg.com.co,https://www.machiaccesorioshg.com.co/,200,345257,1,ok,
1539,xcelautoservices.com,http://xcelautoservices.com/,403,239,1,blocked,http_403
1542,www.carlexit.com,https://www.carlexit.com/,200,244298,1,ok,
1543,agnsceylon.com,https://agnsceylon.com/,200,274613,2,ok,
1544,cargate-eg.com,https://cargate-eg.com/,200,333149,2,ok,
1545,tastextiles.com,https://tastextiles.com/,200,264201,2,ok,
1547,www.apsconceptlighting.com,https://www.apsconceptlighting.com/,200,111261,1,ok,
1548,nicaksu.com,https://nicaksu.com/,200,314532,2,ok,
1550,sd-spring.com,http://sd-spring.com/,202,167,1,ok,https: 
1551,flavoursofchennai.com,https://flavoursofchennai.com/,200,403658,2,ok,
1552,conason.com,https://conason.com/,200,116101,1,ok,
1553,ipssac.com,http://ipssac.com/,202,167,1,ok,https: 
1554,fardantrading.com,https://fardantrading.com/,200,657616,2,ok,
1555,nowcustomboxes.com,http://nowcustomboxes.com/,200,11980,1,ok,https: 
1560,delcomsac.com,https://delcomsac.com/,200,144553,1,ok,
1561,shangshanpetro.com,http://shangshanpetro.com/,202,167,1,ok,https: 
1563,www.cndwmn.com,https://www.cndwmn.com/,200,404786,2,ok,
1564,signatureledlighting.com,http://signatureledlighting.com/,202,169,1,ok,https: 
1565,www.acetexgroup.com,https://www.acetexgroup.com/,200,355468,1,ok,
1569,gpolarol.com,https://gpolarol.com/,200,180176,1,ok,
1572,bondplandcorp.com,https://bondplandcorp.com/,200,230510,1,ok,
1573,decoflow.co.za,https://www.decoflow.co.za/,200,513332,1,ok,
1574,sdhandling.com,https://sdhandling.com/,200,281529,2,ok,
1576,srnorganizasyon.com,https://srnorganizasyon.com/,200,118264,1,ok,
1577,ikzarsa.com,https://ikzarsa.com/,200,201252,1,ok,
1579,amazonicagroup.com,https://amazonicagroup.com/,200,152227,1,ok,
1580,vitavision.com.ar,https://vitavision.com.ar/,200,65406,1,ok,
1581,evpro.com.my,https://www.evpro.com.my/,200,224053,2,ok,https: 
1582,almamachine.com,https://almamachine.com/,500,4303,1,ok,
1587,bagsfactori.com,https://bagsfactori.com/,200,72006,1,ok,
1588,limradesigns.in,http://limradesigns.in/,200,117156,1,ok,https: ; page2_error:
1589,yes-cable.uz,https://yes-cable.uz/,200,117322,1,ok,
1590,dtee.in,https://dtee.in/,200,474750,2,ok,
1591,emiratesrefineryltd.com,https://emiratesrefineryltd.com/,200,996090,1,ok,
1592,bamel.sk,https://bamel.sk/,200,117699,1,ok,
1593,aynifoods.com,http://aynifoods.com/,202,169,1,ok,https: 
1594,meptech.ma,https://meptech.ma/,200,297814,1,ok,
1595,hairlossrehab.ie,https://hairlossrehab.ie/,200,139653,1,ok,
1598,seedoosports.com,http://seedoosports.com/,200,115632,1,ok,https: ; page2_error:
1599,kitsrecycling.se,https://kitsrecycling.se/,200,401190,1,ok,
1600,carolinapatiofurniture.com,https://carolinapatiofurniture.com/,200,683836,2,ok,
1601,izo-tim.rs,https://izo-tim.rs/,200,209368,1,ok,
1602,laffausa.com,https://laffausa.com/,200,1193749,2,ok,
1603,jetradingab.com,https://jetradingab.com/,200,623277,2,ok,
1604,nitusharoosh.com,https://nitusharoosh.com/,200,120871,1,ok,
1605,egtmea.com,https://egtmea.com/,200,282354,1,ok,
1606,isasolutions.net,https://isasolutions.net/,200,165039,1,ok,
1607,stelex.co.in,https://stelex.co.in/,200,252824,1,ok,
1608,www.testsod.com,https://www.testsod.com/,200,156514,2,ok,
1609,bagwaninursery.com,https://bagwaninursery.com/,200,145781,2,ok,
1613,girorigin.com,https://girorigin.com/,200,1439382,1,ok,
1614,nillistudioart.com,https://nillistudioart.com/,403,787,1,blocked,http_403
1615,equipement-bureaux.com,https://equipement-bureaux.com/,200,313661,2,ok,
1617,tuojueautoparts.com,http://tuojueautoparts.com/,202,169,1,ok,https: 
1618,wewellhome.com,http://wewellhome.com/,503,114,1,ok,https: 
1620,samargallery.com,http://samargallery.com/,503,114,1,ok,https: 
1622,expodity.com,http://expodity.com/,403,5684,1,blocked,http_403
1624,inkcolorful.com,http://inkcolorful.com/,202,169,1,ok,https: 
1628,manata.co,http://manata.co/,503,114,1,ok,https: 
1630,albatlamakina.com,https://albatlamakina.com/,200,383158,2,ok,
1631,davethan.tech,https://davethan.tech/,200,504621,2,ok,
1632,misijaplus.rs,https://misijaplus.rs/,200,103990,1,ok,
1634,chasingsmiles.org,https://chasingsmiles.org/,200,57617,1,ok,
1637,sabzfalaholive.com,http://sabzfalaholive.com/,503,114,1,ok,https: 
1642,americansolar.com.pk,https://americansolar.com.pk/,200,242037,1,ok,
1643,statachain.com,https://statachain.com/,200,68331,1,ok,
1644,sthavistah.com,https://sthavistah.com/,200,212329,1,ok,
1645,beermatprint.co.uk,https://beermatprint.co.uk/,200,599309,2,ok,
1647,thestolenlamb.com,http://thestolenlamb.com/,200,236392,1,ok,https: 
1648,vbrandindia.com,https://vbrandindia.com/,200,231544,2,ok,
1649,poolcare.com.mx,https://poolcare.com.mx/,200,101993,1,ok,
1650,apaladomiciliu.ro,https://apaladomiciliu.ro/,200,136457,1,ok,https: 
1653,morocco-toptours.com,https://morocco-toptours.com/,200,378696,1,ok,
1655,nyx-healthsolution.com,https://nyx-healthsolution.com/,200,176298,2,ok,
1657,swedtraining.com,https://swedtraining.com/,200,92338,1,ok,
1658,joosteneventsupport.nl,https://joosteneventsupport.nl/,200,272612,1,ok,
1659,tapsplastics.com,http://tapsplastics.com/,202,170,1,ok,https: 
1660,bigwoodsbeef.com,https://bigwoodsbeef.com/,200,204872,2,ok,
1661,spectraintlfz.com,https://spectraintlfz.com/,200,1001404,2,ok,
1662,limedlabs.in,https://limedlabs.in/,200,188904,2,ok,
1663,excultur.com.mx,https://excultur.com.mx/,200,394715,2,ok,
1664,slnweathersystems.com,https://slnweathersystems.com/,200,268261,2,ok,
1666,trattoriatandoor.se,https://trattoriatandoor.se/,200,113438,1,ok,
1668,kmglaw.co.ke,https://kmglaw.co.ke/,200,91779,1,ok,
1670,speak-easy.ca,https://speak-easy.ca/,200,215183,2,ok,
1671,toymaxx.co.uk,https://toymaxx.co.uk/,200,235258,2,ok,
1672,niklandco.com,https://niklandco.com/,403,5745,1,blocked,http_403
1674,shreejifoodproducts.com,https://shreejifoodproducts.com/,200,537213,2,ok,
1675,cbs-ci.com,https://www.cbs-ci.com/,200,115544,1,ok,
1676,alfanyoun.com,https://alfanyoun.com/,403,5574,1,blocked,http_403
1677,saffronzionsville.com,https://www.saffronzionsville.com/,200,332768,2,ok,
1679,elevaempresas.com,https://elevaempresas.com/,200,62497,1,ok,
1680,dsmzservices.my,https://dsmzservices.my/,200,292077,2,ok,https: 
1681,bharattanning.com,http://bharattanning.com/,200,302344,2,ok,https: 
1682,flames2firedevo.org,https://flames2firedevo.org/,200,18,1,ok,
1683,mini-rc-combat.com,http://mini-rc-combat.com/,503,114,1,ok,https: 
1684,quatangthanhphat.com,https://quatangthanhphat.com/,200,658023,1,ok,
1687,dsracademy.uk,https://dsracademy.uk/,200,4376,1,ok,
1689,burropools.com,https://burropools.com/,200,74747,1,ok,
1691,pivateknik.com.tr,https://pivateknik.com.tr/,200,142298,1,ok,
1692,lythubtechnologies.com,http://lythubtechnologies.com/,500,11989,1,ok,https: 
1693,spasofcolorado.com,https://spasofcolorado.com/,200,399530,1,ok,
1694,condominiomardeoro.com,https://condominiomardeoro.com/,200,530053,1,ok,
1695,girlssetgo.org,https://girlssetgo.org/,200,253899,1,ok,
1696,pianetabbq.it,http://pianetabbq.it/,202,169,1,ok,https: 
1697,lotus-dentistry.com,https://www.lotus-dentistry.com/,200,32164,1,ok,
1698,sonriart.mx,https://sonriart.mx/,200,200683,1,ok,
1699,carolinapurewater.com,http://carolinapurewater.com/,403,1486,1,blocked,http_403
1700,www.aspen-elevated.com,https://www.aspen-elevated.com/,200,526407,1,ok,
1701,gdoc.co.uk,https://hellierhealth.com/,200,457061,1,ok,
1702,www.autopantti.fi,https://www.autopantti.fi/,200,329095,1,ok,
1703,bahadirogullari.com,https://bahadirogullari.com/,200,225490,1,ok,
1704,lyybnitsa.ee,https://lyybnitsa.ee/,200,86828,1,ok,
1705,artematech.com,http://artematech.com/,403,4909,1,blocked,http_403
